order_id,customer_id,product_id,order_date,quantity,unit_price,discount_pct
O0001,C006,P001,2026-08-02,1,23.10,0.05
O0002,C010,P005,2026-08-05,4,32.67,0.15
O0003,C008,P005,2026-07-16,1,32.67,0.00
O0004,C005,P001,2026-08-22,1,23.10,0.15
O0005,C011,P001,2026-08-01,3,23.10,0.05
O0006,C005,P004,2026-07-23,3,3.46,0.15
O0007,C009,P006,2026-08-10,1,10.56,0.10
O0008,C009,P001,2026-08-04,3,23.10,0.10
O0009,C003,P004,2026-08-26,3,3.46,0.00
O0010,C006,P006,2026-07-24,4,10.56,0.15
O0011,C007,P001,2026-08-27,4,23.10,0.00
O0012,C009,P004,2026-08-21,4,3.46,0.15
O0013,C005,P005,2026-08-24,4,32.67,0.15
O0014,C009,P005,2026-08-21,1,32.67,0.05
O0015,C001,P002,2026-08-15,1,15.67,0.15
O0016,C003,P004,2026-07-31,2,3.46,0.00
O0017,C012,P006,2026-07-30,4,10.56,0.10
O0018,C007,P005,2026-08-12,3,32.67,0.15
O0019,C007,P004,2026-07-13,3,3.46,0.10
O0020,C001,P001,2026-07-10,4,23.10,0.15
O0021,C004,P003,2026-07-17,4,28.46,0.15
O0022,C008,P005,2026-08-21,4,32.67,0.00
O0023,C006,P003,2026-07-30,1,28.46,0.15
O0024,C012,P006,2026-08-20,3,10.56,0.15
O0025,C007,P002,2026-08-23,4,15.67,0.00
O0026,C005,P006,2026-08-27,4,10.56,0.10
O0027,C004,P001,2026-08-17,4,23.10,0.05
O0028,C001,P004,2026-07-06,1,3.46,0.15
O0029,C009,P005,2026-08-29,1,32.67,0.05
O0030,C002,P002,2026-08-09,1,15.67,0.10
O0031,C011,P006,2026-07-23,2,10.56,0.00
O0032,C011,P003,2026-08-07,4,28.46,0.05
O0033,C004,P005,2026-07-31,2,32.67,0.10
O0034,C007,P001,2026-08-12,2,23.10,0.05
O0035,C005,P005,2026-08-02,4,32.67,0.15
O0036,C009,P002,2026-08-21,2,15.67,0.15
O0037,C002,P001,2026-07-25,1,23.10,0.00
O0038,C011,P003,2026-07-23,1,28.46,0.00
O0039,C008,P005,2026-07-21,3,32.67,0.15
O0040,C002,P003,2026-08-01,4,28.46,0.05
O0041,C010,P002,2026-08-03,2,15.67,0.15
O0042,C006,P005,2026-07-30,2,32.67,0.00
O0043,C007,P005,2026-07-03,2,32.67,0.05
O0044,C011,P001,2026-08-04,1,23.10,0.15
O0045,C004,P006,2026-07-31,1,10.56,0.05
O0046,C009,P006,2026-07-14,2,10.56,0.05
O0047,C003,P006,2026-07-25,3,10.56,0.15
O0048,C007,P005,2026-08-25,1,32.67,0.15
O0049,C003,P003,2026-07-23,2,28.46,0.10
O0050,C008,P004,2026-08-19,4,3.46,0.10
O0051,C003,P004,2026-07-21,4,3.46,0.15
O0052,C009,P001,2026-08-20,3,23.10,0.00
O0053,C004,P002,2026-07-01,1,15.67,0.15
O0054,C006,P006,2026-07-27,2,10.56,0.00
O0055,C003,P003,2026-07-23,2,28.46,0.00
O0056,C012,P005,2026-07-18,2,32.67,0.10
O0057,C005,P005,2026-08-12,2,32.67,0.00
O0058,C002,P003,2026-07-28,2,28.46,0.00
O0059,C001,P006,2026-08-18,3,10.56,0.05
O0060,C011,P006,2026-07-07,3,10.56,0.10
O0061,C001,P001,2026-08-18,-2,25.00,0.00
O0062,C999,P001,2026-08-18,1,25.00,0.00
O0001,C006,P001,2026-08-02,1,23.10,0.05
